<?xml version="1.0" encoding="UTF-8" standalone="yes"?>
<addon id="plugin.program.KodiWiz" name="Kodi Wizard" version="0.5" provider-name="Dominik">
  <requires>
    <import addon="xbmc.python" version="2.1.0"/>
  </requires>
  <extension point="xbmc.python.pluginsource" library="default.py">
    <provides>executable</provides>
  </extension>
  <extension point="xbmc.service" library="startup.py" start="startup" />
  <extension point="xbmc.addon.metadata">
    <summary lang="en">Kodi Wizard</summary>
    <description lang="en">Kodi Wizard allows you to install custom build for watching TV Shows and Movies.</description>
    <platform>all</platform>
  </extension>
</addon>