<?xml version='1.0' encoding='UTF-8'?>
<shortcuts>
	<shortcut>
		<defaultID>settings</defaultID>
		<label>13000</label>
		<label2 />
		<icon>special://skin/extras/icons/DefaultAddonService.png</icon>
		<thumb />
		<action>ActivateWindow(Settings)</action>
	</shortcut>
	<shortcut>
		<defaultID>1214</defaultID>
		<label>Movies</label>
		<label2>Custom item</label2>
		<icon>special://skin/extras/icons/DefaultVideo.png</icon>
		<thumb />
		<action>ActivateWindow(Videos,"plugin://plugin.video.embycon/?url=%7Bserver%7D/emby/Users/%7Buserid%7D/Items%3FParentId%3Df137a2dd21bbc1b99aa5c0f6bf02a805%26IsVirtualUnaired%3Dfalse%26IncludeItemTypes%3DMovie%26CollapseBoxSetItems%3DTrue%26GroupItemsIntoCollections%3DTrue%26Recursive%3Dtrue%26IsMissing%3DFalse%26Fields%3D%7Bfield_filters%7D%26ImageTypeLimit%3D1%26SortBy%3DName%26SortOrder%3DAscending%26format%3Djson&amp;mode=GET_CONTENT&amp;media_type=movies",return)</action>
	</shortcut>
	<shortcut>
		<defaultID>tvshows</defaultID>
		<label>20343</label>
		<label2>Custom item</label2>
		<icon>special://skin/extras/icons/DefaultTVShows.png</icon>
		<thumb />
		<action>ActivateWindow(Videos,"plugin://plugin.video.embycon/?url=%7Bserver%7D/emby/Users/%7Buserid%7D/Items%3FParentId%3D6c2a057148b4d7c20a207c789aba6d07%26IsVirtualUnaired%3Dfalse%26IsMissing%3DFalse%26Fields%3D%7Bfield_filters%7D%26Recursive%3Dtrue%26IncludeItemTypes%3DSeries%26ImageTypeLimit%3D1%26SortBy%3DName%26SortOrder%3DAscending%26format%3Djson&amp;mode=GET_CONTENT&amp;media_type=tvshows",return)</action>
	</shortcut>
	<shortcut>
		<defaultID />
		<label>Exodus Redux</label>
		<label2>Custom item</label2>
		<icon>DefaultShortcut.png</icon>
		<thumb />
		<action>ActivateWindow(Videos,"plugin://plugin.video.exodusredux",return)</action>
	</shortcut>
	<shortcut>
		<defaultID>programs</defaultID>
		<label>$SKIN[31957|skin.aeon.nox.silvo|Apps]</label>
		<label2 />
		<icon>special://skin/extras/icons/DefaultProgram.png</icon>
		<thumb />
		<action>ActivateWindow(1133)</action>
	</shortcut>
	<shortcut>
		<defaultID>playdisc</defaultID>
		<label>$SKIN[31958|skin.aeon.nox.silvo|PLAY DISC]</label>
		<label2 />
		<icon>special://skin/extras/icons/Disc.png</icon>
		<thumb />
		<action>PlayDisc</action>
		<visible>System.HasMediaDVD</visible>
	</shortcut>
</shortcuts>
