<?xml version='1.0' encoding='UTF-8'?>
<shortcuts>
	<shortcut>
		<defaultID />
		<label>Movies</label>
		<label2>Video Add-On</label2>
		<icon>DefaultShortcut.png</icon>
		<thumb>image://C%3a%5cUsers%5cTina%5cAppData%5cRoaming%5cKodi%5caddons%5cscript.exodusredux.artwork%5cresources%5cmedia%5cexodus%5cmovies.png/</thumb>
		<action>ActivateWindow(Videos,"plugin://plugin.video.exodusredux/?action=movieNavigator",return)</action>
	</shortcut>
	<shortcut>
		<defaultID />
		<label>TV Shows</label>
		<label2>Video Add-On</label2>
		<icon>DefaultShortcut.png</icon>
		<thumb>image://C%3a%5cUsers%5cTina%5cAppData%5cRoaming%5cKodi%5caddons%5cscript.exodusredux.artwork%5cresources%5cmedia%5cexodus%5ctvshows.png/</thumb>
		<action>ActivateWindow(Videos,"plugin://plugin.video.exodusredux/?action=tvNavigator",return)</action>
	</shortcut>
	<shortcut>
		<defaultID />
		<label>Search</label>
		<label2>Video Add-On</label2>
		<icon>DefaultShortcut.png</icon>
		<thumb>image://C%3a%5cUsers%5cTina%5cAppData%5cRoaming%5cKodi%5caddons%5cscript.exodusredux.artwork%5cresources%5cmedia%5cexodus%5csearch.png/</thumb>
		<action>ActivateWindow(Videos,"plugin://plugin.video.exodusredux/?action=searchNavigator",return)</action>
	</shortcut>
</shortcuts>
