<?xml version="1.0" encoding="UTF-8" standalone="yes"?>
<addon id="plugin.video.emby.musicvideos" name="Emby" version="0.14" provider-name="Emby.media">
    <requires>
        <import addon="xbmc.python" version="2.19.0"/>
        <import addon="script.module.requests" version="2.3.0"/>
    </requires>
    <extension point="xbmc.python.pluginsource" library="default.py">
        <provides></provides>
    </extension>
    <extension point="xbmc.addon.metadata">
        <summary lang="en">Dependency add-on</summary>
        <description lang="en">plugin.video.emby dependency for music videos.</description>
        <platform>all</platform>
        <language>en</language>
        <license>GNU GENERAL PUBLIC LICENSE. Version 2, June 1991</license>
        <forum></forum>
        <website>http://emby.media/</website>
        <source></source>
    </extension>
</addon>
