<?xml version="1.0" encoding="UTF-8" standalone="yes" ?>
<node order="8" type="filter">
  <icon>special://home/addons/plugin.video.emby/icon.png</icon>
  <label>Recommended Items</label>
  <match>all</match>
  <content>tvshows</content>
  <rule field="tag" operator="is">
    <value>TV shows</value>
  </rule>
  <order direction="descending">rating</order>
  <limit>25</limit>
  <rule field="playcount" operator="is">
    <value>0</value>
  </rule>
  <rule field="rating" operator="greaterthan">
    <value>7</value>
  </rule>
</node>
