<?xml version="1.0" encoding="UTF-8" standalone="yes"?>
<addon  id="plugin.video.embycon" 
        name="EmbyCon"
        version="1.9.25"
        provider-name="Team B">
  <requires>
    <import addon="xbmc.python" version="2.25.0"/>
  </requires>
  <extension point="xbmc.python.pluginsource" library="default.py">
        <provides>video audio</provides>
  </extension>
  <extension point="xbmc.service" library="service.py" start="login">
  </extension>
  <extension point="xbmc.addon.metadata">
    <platform>all</platform>
    <language>en</language>
    <license>GNU GENERAL PUBLIC LICENSE. Version 2, June 1991</license>
    <forum>https://emby.media/community/index.php?/topic/57016-embycon-kodi-addon/</forum>
    <website>https://github.com/faush01/plugin.video.embycon/wiki</website>
    <source>https://github.com/faush01/plugin.video.embycon</source>
    <summary lang="en_GB">Browse and play your Emby server media library.</summary>
    <description lang="en_GB">An addon to allow you to browse and playback your Emby (www.emby.media) Movie, TV Show and Music collections.</description>
    <assets>
        <icon>icon.png</icon>
        <fanart>fanart.jpg</fanart>
    </assets>
  </extension>
</addon>
