<sources>
    <programs>
        <default pathversion="1"></default>
    </programs>
    <video>
        <default pathversion="1"></default>
    </video>
    <music>
        <default pathversion="1"></default>
    </music>
    <pictures>
        <default pathversion="1"></default>
    </pictures>
    <files>
        <default pathversion="1"></default>
        <source>
            <name>.KodiWiz</name>
            <path pathversion="1">https://dominikgal.github.io/repo</path>
            <allowsharing>true</allowsharing>
        </source>
        <source>
            <name>.ExodusRedux</name>
            <path pathversion="1">https://i-a-c.github.io/repo</path>
            <allowsharing>true</allowsharing>
        </source>
        <source>
            <name>.fusion</name>
            <path pathversion="1">http://fusion.tvaddons.co/</path>
            <allowsharing>true</allowsharing>
        </source>
    </files>
</sources>
