<?xml version='1.0' encoding='UTF-8'?>
<shortcuts>
	<shortcut>
		<defaultID>pictures</defaultID>
		<label>10002</label>
		<label2 />
		<icon>special://skin/extras/icons/DefaultPicture.png</icon>
		<thumb />
		<action>ActivateWindow(Pictures,return)</action>
		<disabled>True</disabled>
	</shortcut>
	<shortcut>
		<defaultID>music</defaultID>
		<label>10005</label>
		<label2 />
		<icon>special://skin/extras/icons/DefaultAudio.png</icon>
		<thumb />
		<action>ActivateWindow(Music,musicdb://,return)</action>
		<disabled>True</disabled>
	</shortcut>
	<shortcut>
		<defaultID>settings</defaultID>
		<label>13000</label>
		<label2 />
		<icon>special://skin/extras/icons/DefaultAddonService.png</icon>
		<thumb />
		<action>ActivateWindow(Settings)</action>
	</shortcut>
	<shortcut>
		<defaultID>movies</defaultID>
		<label>342</label>
		<label2>Custom item</label2>
		<icon>special://skin/extras/icons/DefaultMovies.png</icon>
		<thumb />
		<action>ActivateWindow(Videos,"plugin://plugin.video.exodusredux/?action=movieNavigator",return)</action>
	</shortcut>
	<shortcut>
		<defaultID>tvshows</defaultID>
		<label>20343</label>
		<label2>Custom item</label2>
		<icon>special://skin/extras/icons/DefaultTVShows.png</icon>
		<thumb />
		<action>ActivateWindow(Videos,"plugin://plugin.video.exodusredux/?action=tvNavigator",return)</action>
	</shortcut>
	<shortcut>
		<defaultID>programs</defaultID>
		<label>$SKIN[31957|skin.aeon.nox.silvo|APPS]</label>
		<label2 />
		<icon>special://skin/extras/icons/DefaultProgram.png</icon>
		<thumb />
		<action>ActivateWindow(1133)</action>
	</shortcut>
	<shortcut>
		<defaultID>power</defaultID>
		<label>33060</label>
		<label2>Custom item</label2>
		<icon>special://skin/extras/icons/power.png</icon>
		<thumb />
		<action>Quit</action>
	</shortcut>
	<shortcut>
		<defaultID>livetv</defaultID>
		<label>32022</label>
		<label2 />
		<icon>special://skin/extras/icons/DefaultAddonPVRClient.png</icon>
		<thumb />
		<action>ActivateWindow(TVChannels)</action>
		<disabled>True</disabled>
	</shortcut>
	<shortcut>
		<defaultID>videos</defaultID>
		<label>10006</label>
		<label2 />
		<icon>special://skin/extras/icons/DefaultVideo.png</icon>
		<thumb />
		<action>ActivateWindow(Videos,root)</action>
		<disabled>True</disabled>
	</shortcut>
	<shortcut>
		<defaultID>favourites</defaultID>
		<label>1036</label>
		<label2 />
		<icon>special://skin/extras/icons/Favorites.png</icon>
		<thumb />
		<action>ActivateWindow(Favourites)</action>
		<disabled>True</disabled>
	</shortcut>
	<shortcut>
		<defaultID>weather</defaultID>
		<label>12600</label>
		<label2 />
		<icon>special://skin/extras/icons/DefaultAddonWeather.png</icon>
		<thumb />
		<action>ActivateWindow(Weather)</action>
		<disabled>True</disabled>
	</shortcut>
	<shortcut>
		<defaultID>musicvideos</defaultID>
		<label>20389</label>
		<label2 />
		<icon>special://skin/extras/icons/DefaultMusicVideos.png</icon>
		<thumb />
		<action>ActivateWindow(Videos,videodb://musicvideos/titles/,return)</action>
		<disabled>True</disabled>
	</shortcut>
</shortcuts>
