<?xml version='1.0' encoding='UTF-8'?>
<shortcuts>
	<shortcut>
		<defaultID>settings</defaultID>
		<label>13000</label>
		<label2 />
		<icon>special://skin/extras/icons/DefaultAddonService.png</icon>
		<thumb />
		<action>ActivateWindow(Settings)</action>
	</shortcut>
	<shortcut>
		<defaultID>movies</defaultID>
		<label>20342</label>
		<label2>Custom item</label2>
		<icon>special://skin/extras/icons/DefaultMovies.png</icon>
		<thumb />
		<action>ActivateWindow(Videos,"plugin://plugin.video.exodusredux/?action=movieNavigator",return)</action>
	</shortcut>
	<shortcut>
		<defaultID>tvshows</defaultID>
		<label>20343</label>
		<label2>Custom item</label2>
		<icon>special://skin/extras/icons/DefaultTVShows.png</icon>
		<thumb />
		<action>ActivateWindow(Videos,"plugin://plugin.video.exodusredux/?action=tvNavigator",return)</action>
	</shortcut>
	<shortcut>
		<defaultID>programs</defaultID>
		<label>$SKIN[31957|skin.aeon.nox.silvo|Apps]</label>
		<label2 />
		<icon>special://skin/extras/icons/DefaultProgram.png</icon>
		<thumb />
		<action>ActivateWindow(1133)</action>
	</shortcut>
	<shortcut>
		<defaultID>playdisc</defaultID>
		<label>$SKIN[31958|skin.aeon.nox.silvo|PLAY DISC]</label>
		<label2 />
		<icon>special://skin/extras/icons/Disc.png</icon>
		<thumb />
		<action>PlayDisc</action>
		<visible>System.HasMediaDVD</visible>
	</shortcut>
	<shortcut>
		<defaultID>power</defaultID>
		<label>33060</label>
		<label2>Custom item</label2>
		<icon>special://skin/extras/icons/power.png</icon>
		<thumb />
		<action>Quit</action>
	</shortcut>
</shortcuts>
