<?xml version='1.0' encoding='UTF-8'?>
<shortcuts>
	<shortcut>
		<defaultID />
		<label>Tools</label>
		<label2>Custom item</label2>
		<icon>DefaultShortcut.png</icon>
		<thumb />
		<action>ActivateWindow(Videos,"plugin://plugin.video.exodusredux/?action=toolNavigator",return)</action>
	</shortcut>
	<shortcut>
		<defaultID />
		<label>My Movies</label>
		<label2>Custom item</label2>
		<icon>DefaultShortcut.png</icon>
		<thumb />
		<action>ActivateWindow(Videos,"plugin://plugin.video.exodusredux/?action=movies&amp;url=http%3A%2F%2Fapi.trakt.tv%2Fusers%2Fme%2Flists%2Fmovies%2Fitems",return)</action>
	</shortcut>
	<shortcut>
		<defaultID />
		<label>Search</label>
		<label2>Custom item</label2>
		<icon>DefaultShortcut.png</icon>
		<thumb />
		<action>ActivateWindow(Videos,"plugin://plugin.video.exodusredux/?action=movieSearch",return)</action>
	</shortcut>
</shortcuts>
