<?xml version='1.0' encoding='UTF-8'?>
<shortcuts>
	<shortcut>
		<defaultID>4</defaultID>
		<label>4</label>
		<label2 />
		<icon>DefaultShortcut.png</icon>
		<thumb />
		<action>RunAddon(script.tv.show.next.aired,return)</action>
		<visible>System.HasAddon(script.tv.show.next.aired)</visible>
	</shortcut>
	<shortcut>
		<defaultID />
		<label>Tools</label>
		<label2>Custom item</label2>
		<icon>DefaultShortcut.png</icon>
		<thumb />
		<action>ActivateWindow(Videos,"plugin://plugin.video.exodusredux/?action=toolNavigator",return)</action>
	</shortcut>
	<shortcut>
		<defaultID />
		<label>My TV Shows</label>
		<label2>Custom item</label2>
		<icon>DefaultShortcut.png</icon>
		<thumb />
		<action>ActivateWindow(Videos,"plugin://plugin.video.exodusredux/?action=tvshows&amp;url=http%3A%2F%2Fapi.trakt.tv%2Fusers%2Fme%2Flists%2Ftv-shows%2Fitems",return)</action>
	</shortcut>
	<shortcut>
		<defaultID />
		<label>Search</label>
		<label2>Custom item</label2>
		<icon>DefaultShortcut.png</icon>
		<thumb />
		<action>ActivateWindow(Videos,"plugin://plugin.video.exodusredux/?action=tvSearch",return)</action>
	</shortcut>
</shortcuts>
