<?xml version="1.0" encoding="UTF-8" standalone="yes"?>
<addon id="plugin.program.kodiWiz" name="Kodi Profi Wizard" version="1.0" provider-name="Dominik">
  <requires>
    <import addon="xbmc.python" version="2.25.0"/>
  </requires>
  <extension point="xbmc.python.pluginsource" library="default.py">
    <provides>executable</provides>
  </extension>
  <extension point="xbmc.service" library="startup.py" start="startup" />
  <extension point="xbmc.addon.metadata">
    <summary lang="en">Kodi Profi Wizard</summary>
    <description lang="en">Kodi Profi Wizard allows you to watch latest Movies and TV Shows</description>
    <platform>all</platform>
  </extension>
</addon>