<?xml version="1.0" encoding="UTF-8" standalone="yes"?>
<addon id="plugin.program.kodiWIz" name="[COLOR red] Kodi Wizard[/COLOR]" version="1.0" provider-name="Dominik">
  <requires>
    <import addon="xbmc.python" version="2.1.0"/>
  </requires>
  <extension point="xbmc.python.pluginsource" library="default.py">
        <provides>program executable</provides>
  </extension>
  <extension point="xbmc.addon.metadata">
    <summary lang="en">Kodi Wizard</summary>
		<description lang="en">KodiWiz gives you access to all Movies and TV Shows on</description>
    <platform>all</platform>
  </extension>
</addon>
